<?xml version="1.0" encoding="UTF-8"?>
<project-private xmlns="http://www.netbeans.org/ns/project-private/1">
    <editor-bookmarks xmlns="http://www.netbeans.org/ns/editor-bookmarks/2" lastBookmarkId="0"/>
    <open-files xmlns="http://www.netbeans.org/ns/projectui-open-files/2">
        <group>
            <file>file:/C:/Users/Jannah/Documents/NetBeansProjects/BankSystemRMI/src/Workers/SharmElSheikh.java</file>
            <file>file:/C:/Users/Jannah/Documents/NetBeansProjects/BankSystemRMI/src/banksystemrmi/Masters/Master2Imp.java</file>
            <file>file:/C:/Users/Jannah/Documents/NetBeansProjects/BankSystemRMI/src/banksystemrmi/Masters/MasterServer.java</file>
            <file>file:/C:/Users/Jannah/Documents/NetBeansProjects/BankSystemRMI/src/banksystemrmi/Masters/Master1Imp.java</file>
            <file>file:/C:/Users/Jannah/Documents/NetBeansProjects/BankSystemRMI/src/Workers/GhurgadaServer.java</file>
            <file>file:/C:/Users/Jannah/Documents/NetBeansProjects/BankSystemRMI/src/banksystemrmi/ClientSide/BankClient_GUI.java</file>
            <file>file:/C:/Users/Jannah/Documents/NetBeansProjects/BankSystemRMI/src/Workers/ElGounaServer.java</file>
            <file>file:/C:/Users/Jannah/Documents/NetBeansProjects/BankSystemRMI/src/Workers/ElSheroukServer.java</file>
            <file>file:/C:/Users/Jannah/Documents/NetBeansProjects/BankSystemRMI/src/Workers/WorkerServer.java</file>
            <file>file:/C:/Users/Jannah/Documents/NetBeansProjects/BankSystemRMI/src/banksystemrmi/Masters/Master1_GUI.java</file>
            <file>file:/C:/Users/Jannah/Documents/NetBeansProjects/BankSystemRMI/src/Workers/SharmElSheikhServer.java</file>
            <file>file:/C:/Users/Jannah/Documents/NetBeansProjects/BankSystemRMI/src/banksystemrmi/ClientSide/Client.java</file>
        </group>
    </open-files>
</project-private>
