<?xml version="1.0" encoding="UTF-8"?>
<project-private xmlns="http://www.netbeans.org/ns/project-private/1">
    <editor-bookmarks xmlns="http://www.netbeans.org/ns/editor-bookmarks/2" lastBookmarkId="0"/>
    <open-files xmlns="http://www.netbeans.org/ns/projectui-open-files/2">
        <group>
            <file>file:/C:/Users/Jannah/Documents/NetBeansProjects/P2P_Project/src/p2p_project/CoordinatorGUI.java</file>
            <file>file:/C:/Users/Jannah/Documents/NetBeansProjects/P2P_Project/src/p2p_project/Coordinator.java</file>
            <file>file:/C:/Users/Jannah/Documents/NetBeansProjects/P2P_Project/src/p2p_project/Message.java</file>
            <file>file:/C:/Users/Jannah/Documents/NetBeansProjects/P2P_Project/src/p2p_project/P2PClient.java</file>
            <file>file:/C:/Users/Jannah/Documents/NetBeansProjects/P2P_Project/src/p2p_project/Client2.java</file>
            <file>file:/C:/Users/Jannah/Documents/NetBeansProjects/P2P_Project/src/p2p_project/Client3GUI.java</file>
            <file>file:/C:/Users/Jannah/Documents/NetBeansProjects/P2P_Project/src/p2p_project/Client1.java</file>
            <file>file:/C:/Users/Jannah/Documents/NetBeansProjects/P2P_Project/src/p2p_project/Client4.java</file>
            <file>file:/C:/Users/Jannah/Documents/NetBeansProjects/P2P_Project/src/p2p_project/Client2GUI.java</file>
            <file>file:/C:/Users/Jannah/Documents/NetBeansProjects/P2P_Project/src/p2p_project/Client4GUI.java</file>
            <file>file:/C:/Users/Jannah/Documents/NetBeansProjects/P2P_Project/src/p2p_project/Client1GUI.java</file>
            <file>file:/C:/Users/Jannah/Documents/NetBeansProjects/P2P_Project/src/p2p_project/Client3.java</file>
        </group>
    </open-files>
</project-private>
